colour	y	x	clickSelects	PANEL	fill
#F8766D	0.242207792207792	0.678787878787879	356	1	#F8766D
#F8766D	0.363246753246753	0.688787878787879	357	1	#F8766D
#F8766D	0.308701298701299	0.558030303030303	352	2	#F8766D
#F8766D	0.354805194805195	0.563484848484848	353	2	#F8766D
#F8766D	0.413896103896104	0.599393939393939	354	2	#F8766D
#00BFC4	0.378181818181818	0.515757575757576	355	2	#00BFC4
