colour	y	x	clickSelects	PANEL	fill
#F8766D	0.425714285714286	0.67469696969697	42	1	#F8766D
#F8766D	0.374805194805195	0.582727272727273	43	1	#F8766D
#F8766D	0.338051948051948	0.629393939393939	13	2	#F8766D
#F8766D	0.494285714285714	0.535909090909091	14	2	#F8766D
#00BFC4	0.484155844155844	0.246212121212121	15	2	#00BFC4
#F8766D	0.436883116883117	0.544242424242424	16	2	#F8766D
#00BFC4	0.322467532467533	0.46969696969697	47	2	#00BFC4
