colour	y	x	clickSelects	PANEL	fill
#F8766D	0.394935064935065	0.56469696969697	322	1	#F8766D
