colour	y	x	PANEL	fill
#F8766D	0.413506493506494	0.461818181818182	1	#F8766D
#F8766D	0.33012987012987	0.35969696969697	1	#F8766D
#F8766D	0.475584415584416	0.361363636363636	1	#F8766D
#F8766D	0.410519480519481	0.586060606060606	1	#F8766D
#F8766D	0.312727272727273	0.654545454545455	1	#F8766D
#F8766D	0.48948051948052	0.613030303030303	1	#F8766D
#F8766D	0.263896103896104	0.539545454545455	1	#F8766D
#F8766D	0.245064935064935	0.357424242424242	1	#F8766D
#00BFC4	0.309350649350649	0.410454545454545	2	#00BFC4
