colour	y	x	PANEL	fill
#F8766D	0.49025974025974	0.564090909090909	1	#F8766D
#F8766D	0.505714285714286	0.468333333333333	2	#F8766D
#F8766D	0.321818181818182	0.675	2	#F8766D
#F8766D	0.509220779220779	0.26030303030303	2	#F8766D
#F8766D	0.36025974025974	0.408333333333333	2	#F8766D
#F8766D	0.287012987012987	0.639393939393939	2	#F8766D
#F8766D	0.335974025974026	0.576666666666667	2	#F8766D
#F8766D	0.351818181818182	0.67469696969697	2	#F8766D
