colour	y	x	PANEL	fill
#F8766D	0.328961038961039	0.648787878787879	1	#F8766D
#F8766D	0.390649350649351	0.47030303030303	1	#F8766D
#F8766D	0.411428571428571	0.593636363636364	1	#F8766D
#F8766D	0.541428571428571	0.493939393939394	1	#F8766D
#F8766D	0.393636363636364	0.306818181818182	2	#F8766D
#F8766D	0.400649350649351	0.484242424242424	2	#F8766D
#00BFC4	0.343376623376623	0.434393939393939	2	#00BFC4
#F8766D	0.307532467532468	0.582121212121212	2	#F8766D
#F8766D	0.395974025974026	0.665909090909091	2	#F8766D
