colour	y	x	clickSelects	PANEL	fill
#F8766D	0.397142857142857	0.56030303030303	199	2	#F8766D
#00BFC4	0.378181818181818	0.368030303030303	200	2	#00BFC4
#00BFC4	0.413896103896104	0.368484848484848	205	2	#00BFC4
#00BFC4	0.33	0.221363636363636	206	2	#00BFC4
#F8766D	0.323896103896104	0.612121212121212	207	2	#F8766D
#00BFC4	0.304025974025974	0.315909090909091	208	2	#00BFC4
#F8766D	0.402857142857143	0.491363636363636	209	2	#F8766D
#F8766D	0.404805194805195	0.458181818181818	210	2	#F8766D
#F8766D	0.382987012987013	0.552424242424242	211	2	#F8766D
